"Chambre d'appel de la cour d'appel de St Denis de la Réunion à Mamoudzou ","97600 MAMOUDZOU"
"Cour d'Appel d'Agen ","47916 AGEN CEDEX 9"
"Cour d'Appel d'Aix-en-Provence ","13616 AIX EN PROVENCE CEDEX 1"
"Cour d'Appel d'Amiens ","80027 AMIENS CEDEX 1"
"Cour d'Appel d'Angers ","49043 ANGERS CEDEX 01"
"Cour d'Appel d'Orléans ","45044 ORLEANS CEDEX 1"
"Cour d'Appel de Basse-Terre ","97100 BASSE TERRE"
"Cour d'Appel de Bastia ","20407 BASTIA CEDEX"
"Cour d'Appel de Besançon ","25017 BESANCON CEDEX"
"Cour d'Appel de Bordeaux ","33077 BORDEAUX CEDEX"
"Cour d'Appel de Bourges ","18023 BOURGES CEDEX"
"Cour d'Appel de Caen ","14050 CAEN CEDEX 4"
"Cour d'appel de Cayenne ","97300 CAYENNE"
"Cour d'Appel de Chambéry ","73018 CHAMBERY CEDEX"
"Cour d'Appel de Colmar ","68027 COLMAR CEDEX"
"Cour d'Appel de Dijon ","21034 DIJON CEDEX"
"Cour d'Appel de Douai ","59507 DOUAI CEDEX"
"Cour d'Appel de Fort-de-France ","97200 FORT DE FRANCE"
"Cour d'Appel de Grenoble ","38019 GRENOBLE CEDEX 1"
"Cour d'Appel de Limoges ","87031 LIMOGES CEDEX 1"
"Cour d'Appel de Lyon ","69321 LYON CEDEX 05"
"Cour d'Appel de Metz ","57036 METZ CEDEX 01"
"Cour d'Appel de Montpellier ","34023 MONTPELLIER CEDEX 1"
"Cour d'Appel de Nancy ","54035 NANCY CEDEX"
"Cour d'Appel de Nîmes ","30000 NIMES"
"Cour d'Appel de Nouméa ","98848 NOUMEA CEDEX"
"Cour d'Appel de Papeete ","98713 PAPEETE CEDEX"
"Cour d'Appel de Paris ","75055 PARIS CEDEX 01"
"Cour d'Appel de Pau ","64034 PAU CEDEX"
"Cour d'Appel de Poitiers ","86020 POITIERS CEDEX"
"Cour d'Appel de Reims ","51096 REIMS CEDEX"
"Cour d'Appel de Rennes ","35064 RENNES CEDEX"
"Cour d'Appel de Riom ","63201 RIOM CEDEX"
"Cour d'Appel de Rouen ","76037 ROUEN CEDEX"
"Cour d'Appel de Saint-Denis-de-La Réunion ","97404 ST DENIS CEDEX"
"Cour d'Appel de Toulouse ","31068 TOULOUSE CEDEX 7"
"Cour d'Appel de Versailles ","78011 VERSAILLES CEDEX"
"Tribunal Supérieur d'Appel de Saint-Pierre-et-Miquelon ","97500 ST PIERRE ET MIQUELON"
